"store_type","total_sales","order_count","percentage_of_total_sales"
"Local",4200344.269999815,"78319",0.6501947512674298
"Mall Kiosk",705645.9000000053,"13128",0.10923087036230134
"Outlet",508029.41000000155,"9201",0.0786407100557747
"Super Store",1045045.1900000027,"19263",0.1617683822319892
"Web Portal",1067.77,"43",0.00016528608250505477
